{
  "$schema": "https://raw.githubusercontent.com/spdx/spdx-spec/v2.2.1/schemas/spdx-schema.json",
  "spdxVersion": "SPDX-2.2",
  "dataLicense": "CC0-1.0",
  "SPDXID": "SPDXRef-DOCUMENT",
  "documentNamespace": "https://spdx.org/spdxdocs/entt-x86-windows-3.12.2-bdc8c9e5-3440-4daf-81d9-8ca6c58f2d56",
  "name": "entt:x86-windows@3.12.2 ba684ce80f61f50e686bc5e395fcd5ea0bbed14abe8c98f98414eaee4b0a69bf",
  "creationInfo": {
    "creators": [
      "Tool: vcpkg-ac02a9f660977426b8ec6392919fbb1d51b10998"
    ],
    "created": "2023-10-20T00:24:30Z"
  },
  "relationships": [
    {
      "spdxElementId": "SPDXRef-port",
      "relationshipType": "GENERATES",
      "relatedSpdxElement": "SPDXRef-binary"
    },
    {
      "spdxElementId": "SPDXRef-port",
      "relationshipType": "CONTAINS",
      "relatedSpdxElement": "SPDXRef-file-0"
    },
    {
      "spdxElementId": "SPDXRef-port",
      "relationshipType": "CONTAINS",
      "relatedSpdxElement": "SPDXRef-file-1"
    },
    {
      "spdxElementId": "SPDXRef-port",
      "relationshipType": "CONTAINS",
      "relatedSpdxElement": "SPDXRef-file-2"
    },
    {
      "spdxElementId": "SPDXRef-binary",
      "relationshipType": "GENERATED_FROM",
      "relatedSpdxElement": "SPDXRef-port"
    },
    {
      "spdxElementId": "SPDXRef-file-0",
      "relationshipType": "CONTAINED_BY",
      "relatedSpdxElement": "SPDXRef-port"
    },
    {
      "spdxElementId": "SPDXRef-file-1",
      "relationshipType": "CONTAINED_BY",
      "relatedSpdxElement": "SPDXRef-port"
    },
    {
      "spdxElementId": "SPDXRef-file-2",
      "relationshipType": "CONTAINED_BY",
      "relatedSpdxElement": "SPDXRef-port"
    }
  ],
  "packages": [
    {
      "name": "entt",
      "SPDXID": "SPDXRef-port",
      "versionInfo": "3.12.2",
      "downloadLocation": "git+https://github.com/Microsoft/vcpkg#ports/entt",
      "homepage": "https://github.com/skypjack/entt",
      "licenseConcluded": "MIT",
      "licenseDeclared": "NOASSERTION",
      "copyrightText": "NOASSERTION",
      "description": "Gaming meets modern C++ - a fast and reliable entity-component system and much more",
      "comment": "This is the port (recipe) consumed by vcpkg."
    },
    {
      "name": "entt:x86-windows",
      "SPDXID": "SPDXRef-binary",
      "versionInfo": "ba684ce80f61f50e686bc5e395fcd5ea0bbed14abe8c98f98414eaee4b0a69bf",
      "downloadLocation": "NONE",
      "licenseConcluded": "MIT",
      "licenseDeclared": "NOASSERTION",
      "copyrightText": "NOASSERTION",
      "comment": "This is a binary package built by vcpkg."
    },
    {
      "SPDXID": "SPDXRef-resource-1",
      "name": "skypjack/entt",
      "downloadLocation": "git+https://github.com/skypjack/entt@v3.12.2",
      "licenseConcluded": "NOASSERTION",
      "licenseDeclared": "NOASSERTION",
      "copyrightText": "NOASSERTION",
      "checksums": [
        {
          "algorithm": "SHA512",
          "checksumValue": "8382092339476fa187e0110ec4ba9a0ff93966a31263b28d9edb25068705815d120520b55c640bc3ced852a91762abed6da2bd9a50eaf274272605a8b5b493b9"
        }
      ]
    }
  ],
  "files": [
    {
      "fileName": "./C:/Users/H1Ber/OneDrive/Documents/uni-files/learning_code/c_language/vcpkg/ports/entt/portfile.cmake",
      "SPDXID": "SPDXRef-file-0",
      "checksums": [
        {
          "algorithm": "SHA256",
          "checksumValue": "de021c514095c31eba9be165a3c30b5bb39d56782c6e0e76a058be2a2ad254e3"
        }
      ],
      "licenseConcluded": "NOASSERTION",
      "copyrightText": "NOASSERTION"
    },
    {
      "fileName": "./C:/Users/H1Ber/OneDrive/Documents/uni-files/learning_code/c_language/vcpkg/ports/entt/usage",
      "SPDXID": "SPDXRef-file-1",
      "checksums": [
        {
          "algorithm": "SHA256",
          "checksumValue": "90804b17c368af6cc4fef383d227739aed2cc5aaa9b7724a183b4a5e1d03bba9"
        }
      ],
      "licenseConcluded": "NOASSERTION",
      "copyrightText": "NOASSERTION"
    },
    {
      "fileName": "./C:/Users/H1Ber/OneDrive/Documents/uni-files/learning_code/c_language/vcpkg/ports/entt/vcpkg.json",
      "SPDXID": "SPDXRef-file-2",
      "checksums": [
        {
          "algorithm": "SHA256",
          "checksumValue": "10c04e31dce964f911f62593f652e780384f559c46d43d117e5dcf33b6679462"
        }
      ],
      "licenseConcluded": "NOASSERTION",
      "copyrightText": "NOASSERTION"
    }
  ]
}
